name,album,artist,release_date,length,popularity,acousticness,danceability,energy,instrumentalness,liveness,loudness,speechiness,tempo,valence,time_signature,key,mode,uri,release_year,top_year,user,Id
Jungle,Notion,Tash Sultana,2017-03-01,315602,70,0.276,0.591,0.701,0.000103,0.0882,-5.879,0.0292,146.039,0.509,4,1,0,spotify:track:1KTObLMW9mwk2iPjP3daHb,2017,2022,alpha,C74
Gaffe aux autres,Paradis (réédition),Ben Mazué,2021-12-03,171160,29,0.928,0.586,0.239,0.0,0.113,-11.986,0.0498,149.98,0.538,4,4,1,spotify:track:431r9TaumLoQ2z2qzXkwEO,2021,2022,alpha,C147
Snakes (from the series Arcane League of Legends),Arcane League of Legends (Soundtrack from the Animated Series),Arcane,2021-11-20,161376,62,0.000397,0.426,0.842,0.00125,0.379,-6.238,0.236,157.86,0.366,4,1,0,spotify:track:7AEvaz0EOmlqN27o6zpt3k,2021,2022,alpha,C178
On brûlera,À peu près,Pomme,2017-10-06,207320,57,0.604,0.487,0.494,0.0,0.204,-7.193,0.0266,101.962,0.139,3,7,0,spotify:track:52APn0QJbjtcHRK0fiXpL6,2017,2022,alpha,C227
Still Young,Steal the Light,The Cat Empire,2013-05-17,258573,52,0.00727,0.613,0.762,0.0,0.188,-4.679,0.0359,149.225,0.743,4,11,1,spotify:track:4q7klA9ggWknZDhHhz9XYp,2013,2022,alpha,C255
sky on fire,SKY ON FIRE,mehro,2021-03-25,174738,36,0.768,0.0663,0.235,0.831,0.341,-10.94,0.0381,74.443,0.0377,4,0,1,spotify:track:5aPeIAVfA10aitKWTvE1yU,2021,2022,alpha,C261
Porto,Utopia / Porto,NTO,2014-02-18,330000,61,0.00136,0.678,0.713,0.865,0.0837,-6.451,0.0487,127.993,0.19,4,8,1,spotify:track:77cHi3HzlrS8XDgue2WT8y,2014,2022,alpha,C286
not alone,SKY ON FIRE,mehro,2021-03-25,154481,46,0.142,0.63,0.835,0.00418,0.326,-5.089,0.0323,125.979,0.93,4,11,0,spotify:track:4muWNZ5n69p9tnjTfDz7GO,2021,2022,alpha,C308
How to Be a Heartbreaker,Electra Heart (Deluxe),MARINA,2012-04-30,221493,72,0.0142,0.69,0.897,0.0,0.108,-4.696,0.0506,140.05,0.849,4,11,0,spotify:track:2sEk5R8ErGIFxbZ7rX6S2S,2012,2022,alpha,C360
Ceux qui rêvent,À peu près,Pomme,2017-10-06,118386,64,0.869,0.432,0.419,7.94e-05,0.103,-8.018,0.0346,133.713,0.658,4,8,0,spotify:track:7as88HhLbDLgobaSbJrVBs,2017,2022,alpha,C366
When the Night Comes,Morning in Japan,Fakear,2013-06-03,237716,40,0.0129,0.688,0.767,0.00462,0.322,-4.457,0.0334,105.974,0.42,4,0,1,spotify:track:58nUOJJpnhO4xXVaFN1eao,2013,2022,alpha,C383
Umbrella,Good Girl Gone Bad: Reloaded,Rihanna,2008-06-02,275986,86,0.00864,0.583,0.829,0.0,0.0426,-4.603,0.134,174.028,0.575,4,1,1,spotify:track:49FYlytm3dAAraYgpoJZux,2008,2022,alpha,C409
Oh No!,The Family Jewels,MARINA,2010-02-15,182586,74,0.0539,0.77,0.896,0.0,0.243,-3.971,0.039,126.999,0.964,4,0,1,spotify:track:4sNwdacKyi2S26WrRtNama,2010,2022,alpha,C422
Everything Matters,The Gods We Can Touch,AURORA,2022-01-21,213906,60,0.657,0.453,0.325,6.53e-05,0.0697,-9.758,0.0484,160.38,0.324,3,7,0,spotify:track:1rMlnD8S0hX7IHZXZDt3gH,2022,2022,alpha,C525
Walking In The Air,Walking In The Air,AURORA,2019-11-28,209053,49,0.761,0.342,0.138,0.00089,0.108,-11.135,0.0369,86.188,0.0531,4,9,0,spotify:track:5DWd5DO5TfhP0DB1UDnseP,2019,2022,alpha,C528
chance with you,SKY ON FIRE,mehro,2021-03-25,215515,68,0.864,0.562,0.494,0.0259,0.153,-8.13,0.0278,144.104,0.383,4,4,0,spotify:track:7qFtcljd0PZ5kJZos70YjT,2021,2022,alpha,C555
hideous,SKY ON FIRE,mehro,2021-03-25,193803,60,0.529,0.637,0.53,0.0144,0.109,-7.53,0.0301,87.034,0.363,4,4,1,spotify:track:0c0uFehhA1ekbQmqZ0HKeb,2021,2022,alpha,C571
Tum Rakak,Stachelight,Deluxe,2016-01-22,276201,59,0.29,0.832,0.53,0.0,0.119,-4.92,0.0537,122.053,0.712,4,10,0,spotify:track:2C2SY9l26IT3guKqQoMMSr,2016,2022,alpha,C602
Journey of Life,Songs for the Old Man,Yom,2015,351306,36,0.902,0.562,0.234,0.933,0.13,-11.631,0.0328,122.072,0.0351,4,11,0,spotify:track:5f5Xz3QBBQdybXDW0v1Gbi,2015,2022,alpha,C604
Prince Vince,With Julia,Kid Francescoli,2014-04-21,151180,59,0.0994,0.666,0.702,0.773,0.0756,-7.242,0.0314,112.128,0.845,4,11,0,spotify:track:6xHOialdbeqfsgto0tLlZp,2014,2022,alpha,C756
Quand je marche,Paradis,Ben Mazué,2020-11-06,233506,57,0.579,0.438,0.594,5.82e-05,0.101,-9.512,0.47,75.072,0.175,4,0,1,spotify:track:5d1fRuGL7Vz0TNu8OSS2Fo,2020,2022,alpha,C779
Du propre,Civilisation,Orelsan,2021-11-19,227040,62,0.0217,0.834,0.693,0.0,0.183,-8.281,0.294,149.952,0.358,4,8,1,spotify:track:17gkoi8EGPO1XssTOYK5ki,2021,2022,alpha,C793
Sharks,Mercury - Acts 1 & 2,Imagine Dragons,2022-07-01,190883,73,0.00791,0.927,0.642,3.62e-05,0.279,-4.466,0.0657,123.969,0.901,4,10,0,spotify:track:7sA2SKTo1QbTSSYn5YvJC4,2022,2022,alpha,C835
Sofia,Sofia,Askjell,2021-06-11,437317,51,0.975,0.415,0.216,0.92,0.105,-17.86,0.0439,113.875,0.0855,4,6,0,spotify:track:6ZKgNecNAfYBhkti1IxwSw,2021,2022,alpha,C840
Everywhere Home,Songs for the Old Man,Yom,2015,262440,47,0.968,0.561,0.346,0.928,0.109,-9.417,0.0361,76.507,0.059,4,0,1,spotify:track:5JizFGD83C4w0hrAlXJHm9,2015,2022,alpha,C844
The Seed,A Different Kind Of Human – Step 2,AURORA,2019-06-07,266969,59,0.0105,0.28,0.396,0.0624,0.151,-9.143,0.0335,130.93,0.0907,4,5,0,spotify:track:16tvIGzCNfRLVbm8G39DDo,2019,2022,alpha,C935
Crazy,Crazy,Daniela Andrade,2014-01-02,242000,60,0.237,0.707,0.336,0.000984,0.116,-9.347,0.0306,98.189,0.159,4,11,0,spotify:track:47jgSvqlKwGyBLPnMfeEZN,2014,2022,alpha,C967
Killer,Killer,Valerie Broussard,2019-10-23,150626,58,0.214,0.689,0.451,1.03e-05,0.185,-5.211,0.0638,75.121,0.542,4,4,0,spotify:track:65Kx5KhN6EiKyOpZa67ikj,2019,2022,alpha,C970
Thunder,Thunder,Gabry Ponte,2021-05-07,160000,81,0.0342,0.67,0.896,3.21e-05,0.344,-4.673,0.058,101.216,0.403,3,1,1,spotify:track:2USlegnFJLrVLpoVfPimKB,2021,2022,alpha,C1081
Salt,Heaven & Hell,Ava Max,2020-09-18,180283,71,0.131,0.693,0.835,0.0,0.073,-3.242,0.0624,128.052,0.744,4,6,1,spotify:track:5iyZwawawLjHYpX4MxUKVF,2020,2022,alpha,C1103
What Could Have Been feat. Ray Chen (from the series Arcane League of Legends),Arcane League of Legends (Soundtrack from the Animated Series),Arcane,2021-11-20,213474,65,0.579,0.417,0.288,0.000968,0.0795,-8.896,0.0391,110.251,0.158,3,5,0,spotify:track:4Oih3RDrSFg3afaOphBVuy,2021,2022,alpha,C1163
MDMA,Sommar 2021,Various Artists,2021-06-21,128713,17,0.0762,0.929,0.605,0.0,0.11,-6.099,0.181,138.103,0.755,4,1,1,spotify:track:3ttScNCN6LJMXzUmoZYWQb,2021,2022,alpha,C1198
Grotta Delle Ninfe,Phantasma,Bukahara,2017-10-05,215626,53,0.552,0.713,0.45,0.0112,0.102,-10.682,0.0506,132.036,0.685,4,0,1,spotify:track:6Rr4gu3Cz3plcxwLpky5Zd,2017,2022,alpha,C1262
Our Love (From the series Arcane League of Legends),Our Love (From the series Arcane League of Legends),Curtis Harding,2021-11-05,218248,51,0.104,0.574,0.764,5.03e-06,0.107,-5.286,0.0344,105.823,0.621,4,1,1,spotify:track:4OiGC4aSeZV2O71xKl6ssk,2021,2022,alpha,C1287
Enemy feat. J.I.D. (from the series Arcane League of Legends),Arcane League of Legends (Soundtrack from the Animated Series),Arcane,2021-11-20,173381,59,0.21,0.724,0.782,0.0,0.44,-4.437,0.289,76.984,0.528,4,2,1,spotify:track:4qXKkOZ691yYgQu4Lunrds,2021,2022,alpha,C1294
Dirty Little Animals (from the series Arcane League of Legends),Arcane League of Legends (Soundtrack from the Animated Series),Arcane,2021-11-20,205188,58,0.0327,0.582,0.84,0.0,0.483,-6.385,0.325,105.965,0.596,4,1,0,spotify:track:3GAkqaCeVaT4CxHR06Eztc,2021,2022,alpha,C1317
Waking Up Arnold,The Beginning,Tales of the Forgotten,2019-08-14,152064,38,0.877,0.342,0.13,0.74,0.0753,-17.954,0.0368,147.995,0.0344,4,5,1,spotify:track:3sZlL6nCOTgAwO8Y2nnYoc,2019,2022,alpha,C1380
BmB-wals,Ge vindt wel een taal,BmB,2021-01-30,292000,3,0.82,0.484,0.225,9.94e-06,0.0761,-9.283,0.0474,173.383,0.833,3,0,0,spotify:track:5WYbKIhsSjEWdSI05cddHX,2021,2022,alpha,C1404
WONDERLAND,Wars In A Wonderland,Neoni,2021-08-20,197333,65,0.0115,0.652,0.654,0.0,0.104,-2.941,0.0414,67.509,0.642,4,10,0,spotify:track:1fh4rarBaLB8l5ALt1UvPv,2021,2022,alpha,C1411
Agitations tropicales,Odyssée - EP,L'Impératrice,2015-10-12,248892,68,0.564,0.76,0.401,0.259,0.0977,-9.537,0.0674,115.989,0.619,4,1,0,spotify:track:2La21GqU4fKTQLcfLxTeoz,2015,2022,alpha,C1462
MUTINY,Wars In A Wonderland,Neoni,2021-08-20,211090,46,0.0122,0.313,0.738,9.56e-06,0.219,-5.444,0.113,163.291,0.371,3,2,1,spotify:track:5ajZ2IgynWIUTQwkwOrYEJ,2021,2022,alpha,C1463
Runaway,All My Demons Greeting Me As A Friend (Deluxe),AURORA,2016-08-26,248826,61,0.629,0.422,0.302,7.83e-05,0.104,-9.214,0.0372,114.089,0.123,4,11,1,spotify:track:4rXsapBjwYiYffFPW7G4zr,2016,2022,alpha,C1522
Si demain,Mille bouches,Camille Hardouin,2017-04-28,250306,37,0.868,0.625,0.19,0.02,0.112,-15.641,0.0823,71.021,0.283,3,11,1,spotify:track:1RGv7fiI4ZpNZcEjhCDPWw,2017,2022,alpha,C1542
I Miss the Misery,The Strange Case of...,Halestorm,2012-04-03,183506,65,0.009,0.469,0.969,1.11e-05,0.346,-2.219,0.0589,164.042,0.476,4,0,1,spotify:track:60rHc4AkLlP4XVSATvBb6K,2012,2022,alpha,C1549
lightning,SKY ON FIRE,mehro,2021-03-25,188335,57,0.849,0.602,0.528,4.1e-06,0.128,-7.709,0.0304,149.951,0.322,4,3,0,spotify:track:5tlMPoBvqEWIV8XOyM6Zcd,2021,2022,alpha,C1581
Burn Butcher Burn,The Witcher: Season 2 (Soundtrack from the Netflix Original Series),Joseph Trapanese,2021-12-17,159430,61,0.636,0.344,0.219,0.0,0.114,-15.187,0.0653,78.341,0.183,4,0,0,spotify:track:6Hp57iv0VLGgmWyOFx8iUm,2021,2022,alpha,C1599
Understand,Serotonin Dreams,BoyWithUke,2022-05-06,171946,74,0.81,0.828,0.658,1.06e-06,0.277,-6.19,0.14,103.051,0.917,4,6,0,spotify:track:6dGqGkYDoRrKh5UiIcTT22,2022,2022,alpha,C1625
Lonely,Mercury - Acts 1 & 2,Imagine Dragons,2022-07-01,159851,72,0.0256,0.714,0.73,0.0,0.177,-5.564,0.0438,97.983,0.873,4,0,1,spotify:track:1VMBapbhHidf6ALFszT7w1,2022,2022,alpha,C1691
Tu m'auras tellement plu,Paradis,Ben Mazué,2020-11-06,171240,50,0.883,0.567,0.197,6.99e-06,0.114,-13.557,0.16,60.852,0.347,3,4,0,spotify:track:1kZNrOaUmohqqJMI8msL9j,2020,2022,alpha,C1698
Insane,Insane,Black Gryph0n,2021-06-11,159714,77,0.193,0.716,0.712,0.0,0.823,-5.826,0.144,104.899,0.797,4,4,0,spotify:track:5flerg6aEao2VayZezVlgu,2021,2022,alpha,C1716
Surface Pressure,Encanto (Original Motion Picture Soundtrack),Lin-Manuel Miranda,2021-11-19,202226,75,0.0174,0.65,0.584,1.54e-06,0.042,-8.286,0.307,180.088,0.37,4,2,1,spotify:track:760jhRscwGbIIe1m1IIQpU,2021,2022,alpha,C1744
DOWNFALL,DOWNFALL,Neoni,2022-02-04,175058,48,0.548,0.61,0.616,0.0,0.242,-5.349,0.193,85.019,0.484,4,1,0,spotify:track:7vMErbTxKSCd8j8LdKhTwL,2022,2022,alpha,C1755
Make A Move,Scripted,Icon For Hire,2011-01-01,183813,60,0.00181,0.513,0.83,0.0,0.0512,-4.71,0.0718,82.982,0.714,4,6,0,spotify:track:0FtD1ZukwCnuTfTNuwxrQM,2011,2022,alpha,C1770
Chalouper,Lundi Méchant,Gaël Faye,2020-11-06,215240,61,0.348,0.792,0.518,1.81e-05,0.103,-9.63,0.0491,100.004,0.526,4,10,0,spotify:track:4P89bNZVTCmu3zT0IBNLS8,2020,2022,alpha,C1932
Toss A Coin To Your Witcher,The Witcher (Music from the Netflix Original Series),Sonya Belousova,2020-01-24,190306,59,0.92,0.469,0.425,6.41e-05,0.144,-9.474,0.0304,103.128,0.481,4,5,0,spotify:track:2KMLGJ1mPfRE4GNdL92rl3,2020,2022,alpha,C2019
All Is Soft Inside,Infections Of A Different Kind – Step 1,AURORA,2018-09-28,308946,52,0.125,0.533,0.485,0.018,0.0977,-11.961,0.0347,129.99,0.103,4,9,0,spotify:track:2v2DDAMS1Ev2B3XrTRgVjo,2018,2022,alpha,C2051
Rej,Tumult,MEUTE,2017-10-13,331707,42,0.511,0.81,0.746,0.899,0.103,-7.555,0.0419,122.992,0.471,4,1,0,spotify:track:76NmJpsXiPAmMdcCsPXHyu,2017,2022,alpha,C2081
edamame (feat. Rich Brian),edamame (feat. Rich Brian),bbno$,2021-07-24,133706,76,0.023,0.815,0.848,0.000162,0.0265,-4.704,0.115,106.032,0.684,4,4,0,spotify:track:1uMHCAyGmHqyygoNRuo7MV,2021,2022,alpha,C2123
Champagne: Electro Swing Spin,Champagne: Electro Swing Spin,Swing'it,2020-12-04,207144,42,0.00557,0.74,0.858,0.0231,0.374,-4.376,0.0678,119.922,0.867,4,10,1,spotify:track:221zxFCom6aGFrnWKeBUjC,2020,2022,alpha,C2206
Lock Me Up,Lock Me Up,The Cab,2014-01-01,209626,52,0.0852,0.687,0.857,0.0,0.467,-6.31,0.034,94.011,0.68,4,0,0,spotify:track:72I5gb06T9KIESon4AWY8S,2014,2022,alpha,C2222
Parents,Paradis,Ben Mazué,2020-11-06,190560,36,0.877,0.705,0.336,0.397,0.0679,-15.9,0.201,90.0,0.381,4,0,1,spotify:track:27RBS16LZQlmpeKUgOVcIV,2020,2022,alpha,C2245
Running With The Wolves,All My Demons Greeting Me As A Friend (Deluxe),AURORA,2016-08-26,194760,51,0.253,0.531,0.568,7.7e-05,0.26,-5.53,0.0571,164.127,0.438,4,5,1,spotify:track:4bXnJTJtfZ32yWoNDPjXn0,2016,2022,alpha,C2292
Guns for Hire (from the series Arcane League of Legends),Guns for Hire (From the series Arcane League of Legends),Woodkid,2021-11-13,226460,58,0.29,0.253,0.298,0.0,0.117,-7.583,0.0294,139.722,0.103,4,3,0,spotify:track:2H3HPGuPyhcbg5AqoQ4BWr,2021,2022,alpha,C2300
Love Bites (So Do I),The Strange Case of...,Halestorm,2012-04-03,191333,57,0.00127,0.542,0.963,0.00134,0.253,-1.994,0.141,124.992,0.374,4,2,0,spotify:track:0hKLGoFtQiMHUzmquTyzpS,2012,2022,alpha,C2327
Les jours heureux,Paradis,Ben Mazué,2020-11-06,183426,52,0.833,0.542,0.492,2.53e-05,0.238,-10.733,0.218,115.064,0.707,4,9,0,spotify:track:7dcU60xw21ttxT6md14OLz,2020,2022,alpha,C2341
OUTLAW,Wars In A Wonderland,Neoni,2021-08-20,198257,53,0.632,0.665,0.754,1.59e-05,0.0851,-4.128,0.0818,119.995,0.696,4,7,0,spotify:track:0eLg8wn57PFLF26n6P5xpw,2021,2022,alpha,C2436
Playground (from the series Arcane League of Legends),Playground (from the series Arcane League of Legends),Bea Miller,2021-11-05,230525,67,0.0107,0.514,0.703,7.62e-05,0.13,-6.859,0.0298,157.399,0.356,4,8,1,spotify:track:5f2zZawBtGBEw24ABweErz,2021,2022,alpha,C2578
Breath of Roma,Meryem,Meryem Aboulouafa,2020-05-29,205840,52,0.934,0.716,0.334,0.019,0.107,-11.026,0.029,98.022,0.158,4,11,1,spotify:track:6jw2gaUjhFqiY3imoKe5b1,2020,2022,alpha,C2647
The Catcher in the Rye,Elephanz,Elephanz,2017-10-13,245746,53,0.522,0.676,0.514,0.000167,0.0967,-8.201,0.0432,121.297,0.301,4,6,0,spotify:track:2bZNwQvu1GQn0DvytrSwUx,2017,2022,alpha,C2671
Tôt le matin,Rythmes et botanique,Gaël Faye,2017-04-14,224082,57,0.458,0.474,0.559,3.99e-06,0.0794,-7.131,0.267,150.135,0.417,4,10,0,spotify:track:44P75p1gtECmB1T1eJ7tFy,2017,2022,alpha,C2703
Follow You,Mercury - Acts 1 & 2,Imagine Dragons,2022-07-01,175643,72,0.00197,0.544,0.732,5.06e-05,0.486,-5.984,0.0524,124.875,0.45,4,9,1,spotify:track:0LtkAAEpEp1lkLX1ZvjHZb,2022,2022,alpha,C2749
We Don't Talk About Bruno,Encanto (Original Motion Picture Soundtrack),Lin-Manuel Miranda,2021-11-19,216120,78,0.357,0.577,0.45,0.0,0.111,-8.516,0.0834,205.863,0.83,4,0,0,spotify:track:52xJxFP6TqMuO4Yt0eOkMz,2021,2022,alpha,C2770
Dañs plinn,Fleuves,Fleuves,2016-12-01,381626,32,0.341,0.443,0.768,0.856,0.105,-6.863,0.0389,79.929,0.237,4,2,0,spotify:track:2PalTY7OU8UfPey5iXQOhg,2016,2022,alpha,C2781
Kung Fu Piano: Cello Ascends,Wonders,The Piano Guys,2014-10-03,242480,47,0.872,0.296,0.553,0.857,0.106,-10.439,0.0494,139.968,0.0534,4,8,1,spotify:track:7aOZjw0y61VZwTHQhzBe6v,2014,2022,alpha,C2808
A Dangerous Thing,The Gods We Can Touch,AURORA,2022-01-21,215573,51,0.475,0.55,0.557,0.0,0.116,-6.134,0.0356,105.979,0.111,4,11,0,spotify:track:5DwtDZC9IkGwh7zqCWXqV3,2022,2022,alpha,C2853
On a pris le temps,Éphémère,Grand Corps Malade,2022-09-16,229133,56,0.499,0.689,0.458,5.29e-06,0.121,-10.261,0.107,89.94,0.378,4,0,1,spotify:track:3Rmd1w81IxjgWKMeFhgNEn,2022,2022,alpha,C2872
House of Memories,Death of a Bachelor,Panic! At The Disco,2016-01-15,208706,83,0.00272,0.506,0.817,0.0,0.0486,-5.051,0.0335,109.952,0.506,4,11,0,spotify:track:2DgdHcjWmO3qd50RzuBLgZ,2016,2022,alpha,C2893
Bones,Bones,Imagine Dragons,2022-03-11,165264,83,0.0206,0.773,0.742,0.0,0.0754,-3.678,0.046,114.071,0.571,4,5,0,spotify:track:0HqZX76SFLDz2aW8aiqi7G,2022,2022,alpha,C2949
Шум,Шум,Go_A,2021-01-22,238512,50,0.0143,0.471,0.661,0.00011,0.0855,-5.16,0.0518,114.981,0.405,4,4,1,spotify:track:4P6g27LvaQ4GIF8sxn2grB,2021,2022,alpha,C3011
Get Jinxed,The Music of League of Legends Vol. 1,League of Legends,2015-01-28,154960,66,0.000728,0.434,0.884,0.00458,0.105,-7.128,0.093,180.029,0.191,4,7,0,spotify:track:0WpRF4X2LyMTZnqqrXX19U,2015,2022,alpha,C3069
Little Boy In The Grass,Running With The Wolves,AURORA,2015-05-04,256480,49,0.59,0.522,0.331,0.0138,0.139,-9.909,0.0281,109.837,0.0862,4,5,1,spotify:track:0XUtbvhSlkNhSlMYALjpge,2015,2022,alpha,C3161
Churchyard,Infections Of A Different Kind – Step 1,AURORA,2018-09-28,226013,53,0.0358,0.64,0.763,0.0171,0.312,-8.903,0.0693,109.989,0.121,4,4,1,spotify:track:43nFhoG7Kenn6b5cbKrBu8,2018,2022,alpha,C3189
LOSER,Wars In A Wonderland,Neoni,2021-08-20,202178,62,0.014,0.645,0.685,0.0,0.101,-5.778,0.0361,140.015,0.415,4,8,1,spotify:track:30qcgRZnVQbAW1WcKU7pyi,2021,2022,alpha,C3316
Warriors,Warriors,League of Legends,2020-01-10,204586,72,0.1,0.14,0.478,0.000112,0.105,-10.145,0.0484,185.121,0.0412,3,1,0,spotify:track:3f4fc8c8unrQeKecmUPEDR,2020,2022,alpha,C3319
Hinode,Hinode,Fakear,2016,207973,50,0.0571,0.62,0.702,0.866,0.141,-8.193,0.0581,171.853,0.399,4,9,0,spotify:track:2GyH0rJwUlpgf8KHEj3tCx,2016,2022,alpha,C3338
False Confidence,Busyhead,Noah Kahan,2019-06-14,223400,76,0.163,0.414,0.663,0.0,0.138,-7.77,0.0456,108.98,0.33,4,6,1,spotify:track:7nDFTHHwfe32a8qdp9XqPy,2019,2022,alpha,C3386
DARKSIDE,Wars In A Wonderland,Neoni,2021-08-20,168000,77,0.31,0.533,0.714,1.58e-06,0.0869,-6.472,0.0608,165.037,0.454,3,7,0,spotify:track:6xlOnm5MITIKtixzJW8R0j,2021,2022,alpha,C3435
the same,SKY ON FIRE,mehro,2021-03-25,204457,59,0.86,0.583,0.504,0.177,0.103,-10.944,0.0292,144.043,0.312,4,5,0,spotify:track:03OjIsSVv8mwp58p3iK87o,2021,2022,alpha,C3452
Exist For Love,Exist For Love,AURORA,2020-05-14,252716,51,0.767,0.425,0.36,0.00297,0.083,-10.003,0.0285,145.748,0.269,4,9,1,spotify:track:2DFo342cqI8tJHDmO0p052,2020,2022,alpha,C3458
Providence,Paradis,Ben Mazué,2020-11-06,155653,35,0.796,0.754,0.428,0.235,0.151,-12.575,0.0481,102.042,0.659,3,2,0,spotify:track:5piSR8VRBBkHgujExeMnrE,2020,2022,alpha,C3497
The Old Man,Songs for the Old Man,Yom,2015,313080,40,0.948,0.51,0.204,0.904,0.11,-13.818,0.0402,121.336,0.0984,4,2,0,spotify:track:1zb2Jn4lYn15sVBpNkxNZy,2015,2022,alpha,C3511
Mo' Momo!,Lucky Chops,Lucky Chops,2019-09-27,315789,37,0.00235,0.475,0.679,0.0924,0.368,-5.559,0.0334,139.922,0.244,4,0,1,spotify:track:59M05MYZ4uUvl3JHGMOtZk,2019,2022,alpha,C3540
Wrecked,Mercury - Acts 1 & 2,Imagine Dragons,2022-07-01,244004,74,0.149,0.625,0.562,1.67e-05,0.109,-5.828,0.0289,93.998,0.229,4,0,0,spotify:track:6TEftSkmWdTm1EpThnwqh6,2022,2022,alpha,C3575
Goodbye (from the series Arcane League of Legends),Goodbye (from the series Arcane League of Legends),Ramsey,2021-11-05,230985,61,0.675,0.37,0.322,0.000557,0.101,-11.764,0.0361,164.812,0.0492,4,10,0,spotify:track:5QWjrWckcPcSVqQNfbD4Bc,2021,2022,alpha,C3612
Moove Your Bodouine,La ouinième dimension,Ooz Band,2016-12-09,266206,26,0.00318,0.647,0.734,0.628,0.0721,-8.371,0.0434,127.89,0.479,4,2,0,spotify:track:6AZf9j6cJnUJIDaQdfrZYb,2016,2022,alpha,C3728
Lundi Méchant,Lundi Méchant,Gaël Faye,2020-11-06,148386,46,0.743,0.678,0.511,0.000116,0.284,-9.463,0.0537,108.31,0.415,4,11,0,spotify:track:1UrXxVqyLlg6IXUitwyyuw,2020,2022,alpha,C3733
Giving In To The Love,The Gods We Can Touch,AURORA,2022-01-21,181333,52,0.095,0.587,0.921,0.000885,0.144,-5.273,0.0658,103.985,0.372,4,10,1,spotify:track:0ocZ3MJDhUTkCmMWzhnHqq,2022,2022,alpha,C3750
perfume,SKY ON FIRE,mehro,2021-03-25,149668,64,0.833,0.677,0.455,0.00602,0.105,-7.086,0.0322,129.975,0.704,4,2,1,spotify:track:1kvkYrjZh561EJwERr8EsK,2021,2022,alpha,C3756
Cure For Me,Cure For Me,AURORA,2021-07-07,201640,66,0.0933,0.722,0.764,1.82e-05,0.088,-5.86,0.0554,115.917,0.416,4,6,0,spotify:track:7kEva2rxsNMn07fyfZMRRn,2021,2022,alpha,C3860
Heathens,The Gods We Can Touch,AURORA,2022-01-21,225093,47,0.643,0.379,0.561,0.000432,0.0936,-10.639,0.0842,121.095,0.114,4,7,0,spotify:track:4UkLS3Vqp8o2ukxipCIQ7N,2022,2022,alpha,C3880
